[
    {
        "id": 1,
        "nomi": "Overflow",
        "qismi": 8,
        "davlat": "Yaponiya",
        "tili": "Yaponcha (original)",
        "yili": 2020,
        "janri": "Hentai",
        "qidirishlar_soni": 63,
        "pfp": "https://t.me/hentay_database/20",
        "qismi_soni": 8,
        "1": "https://t.me/hentay_database/7",
        "2": "https://t.me/hentay_database/8",
        "3": "https://t.me/hentay_database/9",
        "4": "https://t.me/hentay_database/10",
        "5": "https://t.me/hentay_database/11",
        "6": "https://t.me/hentay_database/12",
        "7": "https://t.me/hentay_database/13",
        "8": "https://t.me/hentay_database/14"
    }
]