{
    "5750723983": {
        "name": "\u0444\u0430\u043d \u043c\u0430\u0441\u0438",
        "username": "allthegirlssaregirlinggirling",
        "joined_at": 1735295891.518225,
        "prem": false,
        "prem_time": 0
    },
    "7514036833": {
        "name": "\ud83e\udd2b_Hech-Kim_\ud83e\udd2b",
        "username": "EchchUz",
        "joined_at": 1735315501.32045,
        "prem": false,
        "prem_time": 0
    },
    "6739370804": {
        "name": "\ud83e\udd77",
        "username": null,
        "joined_at": 1735317755.780449,
        "prem": false,
        "prem_time": 0
    },
    "7319299432": {
        "name": "Hentay Uz",
        "username": "hentay_uz_bot",
        "joined_at": 1735317768.2702785,
        "prem": false,
        "prem_time": 0
    },
    "6656633661": {
        "name": "Just Abdulloh",
        "username": "Khayatullayev_a",
        "joined_at": 1735323836.2904606,
        "prem": false,
        "prem_time": 0
    },
    "5644286697": {
        "name": "Abdulaziz",
        "username": "menma4ever",
        "joined_at": 1735326893.9866445,
        "prem": false,
        "prem_time": 0
    },
    "6151787448": {
        "name": "\u25c5\uabed\u25c8\u27ec\uabed\ud83e\ude75\u27ed\uabed\uabed\uabed\uabed \uabed\uabed\u0421\ud811\uddad\uabed\ud834\uddbc\ud834\uddaa\ud811\uddad\uabed\u0415\ud811\uddad\uabed\ud834\uddbc\ud834\uddaa\ud811\uddad\uabed\u0412\ud811\uddad\uabed\ud834\uddbc\ud834\uddaa\ud811\uddad\uabed\u0410 \u27ec\uabed\ud83e\ude75\u27ed\u25c8\uabed\u25bb\uabed",
        "username": "seevar_06",
        "joined_at": 1735331781.047262,
        "prem": false,
        "prem_time": 0
    },
    "7577190183": {
        "name": "Ceo",
        "username": "BlitzB_admin",
        "joined_at": 1735345694.804843,
        "prem": false,
        "prem_time": 0
    }
}